{
  "project_info": {
    "project_number": "400108594723",
    "project_id": "fitted-efee2",
    "storage_bucket": "fitted-efee2.appspot.com"
  },
  "client": [
    {
      "client_info": {
        "mobilesdk_app_id": "1:400108594723:android:9001a947c1a4504a85b396",
        "android_client_info": {
          "package_name": "com.fitted.hk"
        }
      },
      "oauth_client": [
        {
          "client_id": "400108594723-r7go74kpmn44d17jhlbtr84rodsrbnvg.apps.googleusercontent.com",
          "client_type": 1,
          "android_info": {
            "package_name": "com.fitted.hk",
            "certificate_hash": "7def85c4ddc58527cfe34b20463232b3bc08cf98"
          }
        },
        {
          "client_id": "400108594723-k9hoktp3t97cj3m5a3lhbrhor47fssls.apps.googleusercontent.com",
          "client_type": 3
        }
      ],
      "api_key": [
        {
          "current_key": "AIzaSyBZQ9XtwHstcQwrbpMpx7jpOHFESP2p_kk"
        }
      ],
      "services": {
        "appinvite_service": {
          "other_platform_oauth_client": [
            {
              "client_id": "400108594723-k9hoktp3t97cj3m5a3lhbrhor47fssls.apps.googleusercontent.com",
              "client_type": 3
            }
          ]
        }
      }
    }
  ],
  "configuration_version": "1"
}